first_name,last_name,gender,email_address,phone_number
Paxon,Antunez,M,pantunez0@plala.or.jp,554-169-3500
Ignatius,Faustian,M,ifaustian1@auda.org.au,513-933-1835
Pat,Battleson,M,pbattleson2@accuweather.com,842-619-8721
Delcina,Yarnton,F,dyarnton3@t.co,354-510-1424
Janina,Itzkovici,F,jitzkovici4@networkadvertising.org,996-777-0196
Jeanie,Matresse,F,jmatresse5@instagram.com,654-999-6487
Josephina,Cuzen,F,jcuzen6@wordpress.org,470-276-5261
Dieter,McKechnie,M,dmckechnie7@canalblog.com,654-443-5008
Boyd,Harrowell,M,bharrowell8@cnn.com,296-396-3797
Marchelle,Menichi,F,mmenichi9@github.io,694-243-5389
Merell,Wooles,M,mwoolesa@harvard.edu,936-274-9801
Suzann,Redman,F,sredmanb@prlog.org,336-407-1238
Kerry,Polin,F,kpolinc@dot.gov,379-174-7115
Corny,Teaz,M,cteazd@addthis.com,785-545-2661
Nahum,Beech,M,nbeeche@spotify.com,870-259-8896
Foster,Gibbe,M,fgibbef@reuters.com,180-518-1020
Bria,Grima,F,bgrimag@altervista.org,692-475-2716
Ynez,Duell,F,yduellh@drupal.org,978-652-7567
Raimund,Pollak,M,rpollaki@instagram.com,821-503-8008
Saunderson,Stollenwerck,M,sstollenwerckj@google.co.uk,809-553-2443
Lynn,Brunroth,F,lbrunrothk@diigo.com,954-243-1908
Elna,Betterton,F,ebettertonl@nydailynews.com,371-173-9895
Wood,Binden,M,wbindenm@artisteer.com,450-206-7232
Bearnard,Schaben,M,bschabenn@mail.ru,472-910-0311
Vanna,Crucitti,F,vcrucittio@ox.ac.uk,386-431-7422
Lucina,Osban,F,losbanp@themeforest.net,657-305-1262
Gun,Gaynes,M,ggaynesq@newyorker.com,720-252-8748
Milena,Gisburne,F,mgisburner@digg.com,340-998-9548
Tore,Oxterby,M,toxterbys@discuz.net,903-284-4436
Pennie,Belsey,M,pbelseyt@theguardian.com,366-469-7931
Hermy,Frankcombe,M,hfrankcombeu@fastcompany.com,309-176-0479
Avie,Gwyn,F,agwynv@ftc.gov,526-907-6029
Nathanial,Flawn,M,nflawnw@ca.gov,563-269-2786
Sherwynd,Purvess,M,spurvessx@wikispaces.com,176-192-0373
Melva,Williscroft,F,mwilliscrofty@smh.com.au,410-659-6311
Fabe,Ronald,M,fronaldz@webeden.co.uk,662-355-8469
Ravid,Flag,M,rflag10@foxnews.com,683-612-8241
Bridie,Elverston,F,belverston11@mit.edu,606-357-8711
Jermaine,Briiginshaw,F,jbriiginshaw12@amazon.com,407-879-6073
Kippar,Vann,M,kvann13@fc2.com,593-859-0538
Josh,Lambertini,M,jlambertini14@ucoz.ru,188-947-1583
Barbara-anne,Phillis,F,bphillis15@pinterest.com,495-101-3425
Belicia,Pilkington,F,bpilkington16@alibaba.com,346-738-1918
Lorri,Greenly,F,lgreenly17@bizjournals.com,676-344-9250
Maurise,Nanuccioi,M,mnanuccioi18@prnewswire.com,811-295-9058
Sibeal,Routledge,F,sroutledge19@shinystat.com,605-283-8096
Archy,McMylor,M,amcmylor1a@spiegel.de,817-910-4142
Tabbie,Gymlett,M,tgymlett1b@sfgate.com,756-425-4548
Cammy,Maus,M,cmaus1c@senate.gov,249-287-0498
Domeniga,Scough,F,dscough1d@sourceforge.net,654-927-0183
Dorthea,Heild,F,dheild1e@marriott.com,156-789-1550
Robina,Dundridge,F,rdundridge1f@ycombinator.com,289-454-7545
Carlyn,Eton,F,ceton1g@mozilla.com,118-454-8851
Barclay,Blackden,M,bblackden1h@chronoengine.com,367-416-5703
Raul,Rubertelli,M,rrubertelli1i@europa.eu,926-780-0220
Vick,Rutland,M,vrutland1j@yellowpages.com,963-102-9125
Abdel,Rummer,M,arummer1k@illinois.edu,838-628-6640
Rog,Edney,M,redney1l@hao123.com,621-917-8084
Letti,Vautin,F,lvautin1m@npr.org,271-236-6394
Rowan,Guitton,M,rguitton1n@blog.com,260-981-9479
Shel,Sizland,F,ssizland1o@indiegogo.com,291-668-3618
Dilly,Bynold,M,dbynold1p@fda.gov,403-304-3011
Chandler,Edmett,M,cedmett1q@washingtonpost.com,468-764-7916
Lauree,Docket,F,ldocket1r@tinypic.com,454-938-0786
Norton,Jorn,M,njorn1s@fastcompany.com,564-864-8166
Heida,Danigel,F,hdanigel1t@narod.ru,896-435-0154
Amandi,Swale,F,aswale1u@prweb.com,482-494-5383
Eugen,Chard,M,echard1v@amazon.com,396-715-1393
Tucky,Larver,M,tlarver1w@discuz.net,136-182-8543
Carmelina,Kitteridge,F,ckitteridge1x@pinterest.com,290-842-2931
Papagena,Edards,F,pedards1y@dyndns.org,849-383-6312
Olympia,Norvill,F,onorvill1z@zimbio.com,854-112-1794
Xymenes,Foulser,M,xfoulser20@barnesandnoble.com,463-241-8304
Julissa,Jovovic,F,jjovovic21@weather.com,517-621-6118
Jaynell,Miles,F,jmiles22@ehow.com,444-778-2635
Gerome,Lefwich,M,glefwich23@flickr.com,969-242-7951
Rozanne,Chiommienti,F,rchiommienti24@archive.org,877-377-5422
Lazar,Rollins,M,lrollins25@miibeian.gov.cn,901-213-6840
Graig,Heinsh,M,gheinsh26@theglobeandmail.com,246-267-3140
Galen,Matusov,M,gmatusov27@wordpress.com,796-688-3154
Bayard,Moyce,M,bmoyce28@wufoo.com,425-551-3798
Myrna,Quilliam,F,mquilliam29@comcast.net,696-126-6142
Gasper,Ginnety,M,gginnety2a@chron.com,769-388-6145
Blinny,Waddington,F,bwaddington2b@freewebs.com,241-829-8018
Eartha,Wenban,F,ewenban2c@miitbeian.gov.cn,981-206-2799
Ranna,Simonds,F,rsimonds2d@prlog.org,124-636-9310
Waylon,Salzberger,M,wsalzberger2e@arstechnica.com,846-446-2411
Antonino,Pavitt,M,apavitt2f@oakley.com,450-392-7837
Jaquelin,Beardshaw,F,jbeardshaw2g@list-manage.com,680-239-6669
Morna,Doby,F,mdoby2h@hp.com,636-861-4808
Fenelia,Mc Harg,F,fmcharg2i@g.co,466-390-7525
Tamar,Minister,F,tminister2j@last.fm,431-838-3696
Jasmina,Fearnyough,F,jfearnyough2k@slate.com,428-296-7955
Silvio,Olennikov,M,solennikov2l@cbsnews.com,466-297-9436
Thacher,Gummery,M,tgummery2m@dell.com,129-537-0488
Hurleigh,Scruton,M,hscruton2n@gnu.org,832-281-0567
Butch,Goudman,M,bgoudman2o@auda.org.au,619-145-2501
Renell,Lynnitt,F,rlynnitt2p@discuz.net,869-810-9229
Faun,Shillaker,F,fshillaker2q@usnews.com,786-315-9499
Diandra,Hunting,F,dhunting2r@mtv.com,901-935-3117
Levi,Ducker,M,lducker2s@un.org,609-579-1018
Luci,Chaulk,F,lchaulk2t@so-net.ne.jp,894-502-6942
Richmond,Toun,M,rtoun2u@delicious.com,475-765-6637
Merilee,McInnes,F,mmcinnes2v@eventbrite.com,731-116-8712
Pippy,Mewis,F,pmewis2w@squarespace.com,455-349-9884
Giana,Hollingdale,F,ghollingdale2x@sohu.com,683-802-8559
Robbin,Wittrington,F,rwittrington2y@biblegateway.com,150-166-2050
Brade,Wyper,M,bwyper2z@mozilla.org,613-817-0788
Maudie,Purse,F,mpurse30@buzzfeed.com,625-710-9989
Gerard,Rodmell,M,grodmell31@altervista.org,443-225-1327
Jerri,Frangione,M,jfrangione32@tiny.cc,530-971-6710
Marge,Snead,F,msnead33@rakuten.co.jp,169-629-6304
Rafaelia,Hestrop,F,rhestrop34@hhs.gov,950-529-6842
Byran,Adney,M,badney35@tumblr.com,844-523-8308
Dunc,Stillmann,M,dstillmann36@wordpress.org,121-942-2466
Christye,McFie,F,cmcfie37@weibo.com,502-740-9396
Moreen,Cragell,F,mcragell38@moonfruit.com,930-722-6858
Simon,Grisewood,M,sgrisewood39@answers.com,865-436-8741
Francklyn,Latta,M,flatta3a@privacy.gov.au,613-946-2481
Eilis,Maestro,F,emaestro3b@stumbleupon.com,966-624-4771
Nikolos,Gilling,M,ngilling3c@miitbeian.gov.cn,851-837-5916
Karoly,Minichillo,M,kminichillo3d@dailymail.co.uk,190-293-3043
Avril,Blackall,F,ablackall3e@pen.io,974-220-9068
Joletta,Regan,F,jregan3f@cisco.com,168-187-4341
Orland,Rosencrantz,M,orosencrantz3g@imgur.com,249-520-9012
Mercy,Muzzollo,F,mmuzzollo3h@1688.com,120-391-8950
Bron,Peltz,M,bpeltz3i@bbb.org,943-672-7230
Trenna,Gentric,F,tgentric3j@arizona.edu,941-775-4188
Tyrus,Di Biaggi,M,tdibiaggi3k@csmonitor.com,813-491-7705
Davin,Reynolds,M,dreynolds3l@loc.gov,480-194-7642
Muffin,Castenda,M,mcastenda3m@yolasite.com,488-295-1367
Madelene,Tomkowicz,F,mtomkowicz3n@nytimes.com,433-711-5344
Sherye,Sharpley,F,ssharpley3o@msn.com,423-136-0595
Doug,Dorset,M,ddorset3p@independent.co.uk,850-874-0137
Ynes,Chesley,F,ychesley3q@google.ca,583-134-6659
Meir,Olek,M,molek3r@reuters.com,425-528-7327
Forrest,Copperwaite,M,fcopperwaite3s@reddit.com,513-280-6347
Veriee,Keenlayside,F,vkeenlayside3t@typepad.com,819-192-3480
Mignon,Corringham,F,mcorringham3u@foxnews.com,831-697-3236
Billie,Saltsberger,F,bsaltsberger3v@mozilla.com,706-118-7399
Dasi,Druhan,F,ddruhan3w@dion.ne.jp,877-752-0017
Alena,Mulqueen,F,amulqueen3x@wunderground.com,810-969-3315
Janetta,Kinvan,F,jkinvan3y@mapy.cz,342-988-1921
Reed,Belcham,M,rbelcham3z@php.net,816-253-7794
Shayla,Fargher,F,sfargher40@google.it,795-860-3816
Yanaton,Carle,M,ycarle41@ebay.com,547-397-2484
Clare,Zack,M,czack42@moonfruit.com,143-581-9936
Agosto,Spier,M,aspier43@rakuten.co.jp,678-458-7157
Eldon,Warbey,M,ewarbey44@techcrunch.com,458-906-5511
Sallee,Crowth,F,scrowth45@hc360.com,278-667-9350
Oran,Blencoe,M,oblencoe46@berkeley.edu,799-548-7593
Andrey,Reisk,M,areisk47@arstechnica.com,151-844-0743
Joanna,Storek,F,jstorek48@hp.com,402-478-2586
Maurie,Butten,M,mbutten49@yandex.ru,884-172-0850
Giuseppe,Tebbutt,M,gtebbutt4a@mtv.com,174-991-8184
Klaus,Gough,M,kgough4b@noaa.gov,985-684-7583
Bernita,Jealous,F,bjealous4c@example.com,239-685-6299
